watershed_id,nse,kge,data_points,start_date,end_date
09047700,-2.186931925425171,-0.32246837947172113,4017,2000-01-02,2010-12-31
14187000,-2.0712366630891825,-0.36721507054798774,4017,2000-01-02,2010-12-31
14154500,-2.0280232803040104,-0.368066127592217,4017,2000-01-02,2010-12-31
11528700,-2.0399866602365764,-0.3732482060166178,4017,2000-01-02,2010-12-31
02011460,-1.9836645107343664,-0.37996933949406686,4017,2000-01-02,2010-12-31
03182500,-2.315898774217296,-0.38024903532164944,4017,2000-01-02,2010-12-31
01620500,-1.9313713531593666,-0.38240012308143534,4017,2000-01-02,2010-12-31
03050000,-2.4815761995071544,-0.38411934827233796,4017,2000-01-02,2010-12-31
02011400,-1.8456735904534463,-0.3849578663831541,4017,2000-01-02,2010-12-31
14236200,-2.866195082976723,-0.3866478608757027,4017,2000-01-02,2010-12-31
02015700,-1.7996332872483536,-0.3883568102909407,4017,2000-01-02,2010-12-31
10173450,-1.9521880136035437,-0.38905170423326996,4017,2000-01-02,2010-12-31
01606500,-1.870721752006062,-0.38954266942187976,4017,2000-01-02,2010-12-31
01605500,-1.8231072517262885,-0.3902420177083632,4017,2000-01-02,2010-12-31
01596500,-2.5360138599935227,-0.39084413771846904,4017,2000-01-02,2010-12-31
03180500,-2.6802992103961314,-0.3921193385440229,4017,2000-01-02,2010-12-31
03186500,-2.7556148260493885,-0.39361278415431755,4017,2000-01-02,2010-12-31
01539000,-2.4684028475121598,-0.3941325471551429,4017,2000-01-02,2010-12-31
03070500,-1.8590928305589838,-0.3950421362334815,4017,2000-01-02,2010-12-31
01557500,-2.2233544737569417,-0.39614281787852623,4017,2000-01-02,2010-12-31
01121000,-2.242846082380524,-0.39746623138965087,4017,2000-01-02,2010-12-31
03187500,-2.8660788898690113,-0.3994269953502825,4017,2000-01-02,2010-12-31
01547700,-2.5161575589965532,-0.40101714160449053,4017,2000-01-02,2010-12-31
01123000,-1.9815930301945128,-0.4026006245275713,4017,2000-01-02,2010-12-31
14222500,-1.5520223107608317,-0.4029724840062474,4017,2000-01-02,2010-12-31
03069500,-2.8769471068733403,-0.4034960504976015,4017,2000-01-02,2010-12-31
04122200,-2.0894514486721696,-0.40682855649802563,4017,2000-01-02,2010-12-31
04122500,-2.3776218503861077,-0.4070153168229125,4017,2000-01-02,2010-12-31
01532000,-2.6949921040174005,-0.4088607724364606,4017,2000-01-02,2010-12-31
02016000,-1.5717594608228995,-0.4103460082153665,4017,2000-01-02,2010-12-31
11480390,-1.5555824852651972,-0.4105688612714089,4017,2000-01-02,2010-12-31
09107000,-2.401109295332665,-0.41150780776819307,4017,2000-01-02,2010-12-31
03076600,-2.9663378980013198,-0.4136120841234827,4017,2000-01-02,2010-12-31
01568000,-1.6117702916706707,-0.41426836219153507,4017,2000-01-02,2010-12-31
01440000,-2.913246364750122,-0.41583969407284194,4017,2000-01-02,2010-12-31
03066000,-3.044839480320177,-0.41613179684853985,4017,2000-01-02,2010-12-31
01552000,-2.981933301980467,-0.42181839409715094,4017,2000-01-02,2010-12-31
01552500,-3.018236367483677,-0.4218542854976566,4017,2000-01-02,2010-12-31
01567500,-1.5820841112856154,-0.4223612768609555,4017,2000-01-02,2010-12-31
01550000,-2.9967103861374462,-0.4235548049753348,4017,2000-01-02,2010-12-31
14316700,-3.4019487970902054,-0.4259001833193472,4017,2000-01-02,2010-12-31
10316500,-1.938927926139161,-0.4261499452197741,4017,2000-01-02,2010-12-31
02013000,-1.4511723589289898,-0.42896821155684606,4017,2000-01-02,2010-12-31
10234500,-2.92530277580234,-0.4291475476750304,4017,2000-01-02,2010-12-31
06278300,-1.6395203928162996,-0.42978250430185794,4017,2000-01-02,2010-12-31
01549500,-3.0947378494259725,-0.4301669896894813,4017,2000-01-02,2010-12-31
01634500,-1.4714352023170738,-0.43192481641232683,4017,2000-01-02,2010-12-31
01439500,-3.1290063799277092,-0.43232536508162367,4017,2000-01-02,2010-12-31
01543500,-3.1357470697162038,-0.43541487365876796,4017,2000-01-02,2010-12-31
04233000,-3.1312251333329417,-0.4358152070326977,4017,2000-01-02,2010-12-31
09223000,-2.0724240644038106,-0.4365434429100945,4017,2000-01-02,2010-12-31
02027500,-1.3994292740078533,-0.43795907428469194,4017,2000-01-02,2010-12-31
01613050,-1.449457589876888,-0.43963888466646095,4017,2000-01-02,2010-12-31
09034900,-2.0785198094009507,-0.44081283420453254,4017,2000-01-02,2010-12-31
03078000,-3.3091021369979723,-0.44083877260412696,4017,2000-01-02,2010-12-31
02014000,-1.3839142463953458,-0.4419341480082901,4017,2000-01-02,2010-12-31
01545600,-3.2407484847905748,-0.4442152365434522,4017,2000-01-02,2010-12-31
04059500,-1.8523122942028074,-0.4444553089427199,4017,2000-01-02,2010-12-31
09035900,-1.8779098295262866,-0.44530934452881454,4017,2000-01-02,2010-12-31
01548500,-3.2613559370995784,-0.44584446381284404,4017,2000-01-02,2010-12-31
01543000,-3.2591644897903382,-0.44591743377858584,4017,2000-01-02,2010-12-31
04027000,-2.2210236392645784,-0.44824638381938464,4017,2000-01-02,2010-12-31
01632000,-1.3631667230187774,-0.4486513920289077,4017,2000-01-02,2010-12-31
14141500,-3.634455755033237,-0.4508251370701164,4017,2000-01-02,2010-12-31
04045500,-2.9197072352725226,-0.45418880569318487,4017,2000-01-02,2010-12-31
10023000,-1.4292023403299714,-0.45439769681372977,4017,2000-01-02,2010-12-31
02027000,-1.3222048010210954,-0.4545013188182343,4017,2000-01-02,2010-12-31
04063700,-1.8858608986946348,-0.4553857328060422,4017,2000-01-02,2010-12-31
09035800,-3.1657223774222736,-0.45618643015139315,4017,2000-01-02,2010-12-31
01544500,-3.376315321036901,-0.45633923116421404,4017,2000-01-02,2010-12-31
03450000,-1.317292503119563,-0.4575212073260211,4017,2000-01-02,2010-12-31
03455500,-1.308176246541342,-0.4579718448012464,4017,2000-01-02,2010-12-31
04074950,-1.7797645047704505,-0.45910698701147523,4017,2000-01-02,2010-12-31
01073000,-3.5105197800315437,-0.460112046916769,4017,2000-01-02,2010-12-31
05393500,-1.7573118587929075,-0.4620114404753346,4017,2000-01-02,2010-12-31
14096850,-1.374477516984952,-0.4652891925509677,4017,2000-01-02,2010-12-31
10244950,-1.389498306435541,-0.46540330193379664,4017,2000-01-02,2010-12-31
04057800,-1.8342755289503345,-0.4657666515129997,4017,2000-01-02,2010-12-31
05362000,-1.660013850684022,-0.46592960760975655,4017,2000-01-02,2010-12-31
01542810,-3.463040927199777,-0.4661562508698762,4017,2000-01-02,2010-12-31
03161000,-1.258568224862278,-0.4702234383675348,4017,2000-01-02,2010-12-31
04015330,-1.8422679237916104,-0.471320078796706,4017,2000-01-02,2010-12-31
01440400,-3.577973415436504,-0.4714339241333181,4017,2000-01-02,2010-12-31
06746095,-1.7085610332400503,-0.47179017167050774,4017,2000-01-02,2010-12-31
04224775,-3.550483897482448,-0.47797753491563655,4017,2000-01-02,2010-12-31
03463300,-1.213359144669702,-0.4822237873087738,4017,2000-01-02,2010-12-31
02018000,-1.2172367620161881,-0.4841308022383468,4017,2000-01-02,2010-12-31
03479000,-1.2097793207724252,-0.4850794826641267,4017,2000-01-02,2010-12-31
03010655,-3.6851926866014786,-0.490180475685027,4017,2000-01-02,2010-12-31
12095000,-1.1888688975850807,-0.49036397413842137,4017,2000-01-02,2010-12-31
02017500,-1.1938829209107307,-0.4924157969557943,4017,2000-01-02,2010-12-31
03456500,-1.1798018722200028,-0.4951817538085379,4017,2000-01-02,2010-12-31
04057510,-1.4069196691069208,-0.49562629223512755,4017,2000-01-02,2010-12-31
06280300,-3.6189731755849843,-0.49823438605883164,4017,2000-01-02,2010-12-31
04040500,-3.1063745345390767,-0.4985247035364577,4017,2000-01-02,2010-12-31
03026500,-3.803070121732465,-0.5004182044264589,4017,2000-01-02,2010-12-31
03028000,-3.835690870192648,-0.501844270194201,4017,2000-01-02,2010-12-31
03164000,-1.15786794155124,-0.5028883990560975,4017,2000-01-02,2010-12-31
12388400,-3.2014448179496986,-0.5042057589003974,4017,2000-01-02,2010-12-31
04024430,-1.4441286975539933,-0.5072164242823438,4017,2000-01-02,2010-12-31
03011800,-3.894764932556898,-0.5095912303005734,4017,2000-01-02,2010-12-31
01162500,-3.9586439804040587,-0.5098813995090605,4017,2000-01-02,2010-12-31
06037500,-3.449582816196634,-0.5129693463488196,4017,2000-01-02,2010-12-31
02028500,-1.1234441267271684,-0.5146965340357905,4017,2000-01-02,2010-12-31
09492400,-1.109432920067312,-0.5173600520006014,4017,2000-01-02,2010-12-31
01022500,-3.973449077348646,-0.5221703437473475,4017,2000-01-02,2010-12-31
03015500,-4.002844697619594,-0.5264559818064201,4017,2000-01-02,2010-12-31
09066200,-3.537322958709672,-0.5354515099777739,4017,2000-01-02,2010-12-31
01118300,-1.120835735885049,-0.5363137250303112,4017,2000-01-02,2010-12-31
06623800,-2.888186764266352,-0.5366600446741736,4017,2000-01-02,2010-12-31
14362250,-1.0564217082400456,-0.5373677032431528,4017,2000-01-02,2010-12-31
03473000,-1.077358709084125,-0.5397424185265813,4017,2000-01-02,2010-12-31
09404450,-1.0646331305773824,-0.5424050500343394,4017,2000-01-02,2010-12-31
03173000,-1.0637102516607966,-0.5443763384252609,4017,2000-01-02,2010-12-31
02111500,-1.0309598439257313,-0.5484813942138054,4017,2000-01-02,2010-12-31
08271000,-1.1213324173452652,-0.5514144312437199,4017,2000-01-02,2010-12-31
03471500,-1.049781698892859,-0.5522812539336932,4017,2000-01-02,2010-12-31
01664000,-1.0454378311141563,-0.5542922310977301,4017,2000-01-02,2010-12-31
12040500,-1.0029854918091803,-0.5543371035318767,4017,2000-01-02,2010-12-31
01666500,-1.040522038331336,-0.556899203596551,4017,2000-01-02,2010-12-31
12041200,-4.613926427791534,-0.5576163855171206,4017,2000-01-02,2010-12-31
01667500,-1.0343252152565432,-0.5594271193120297,4017,2000-01-02,2010-12-31
09312600,-1.0936760946016895,-0.5674161766033754,4017,2000-01-02,2010-12-31
02140991,-0.9952001937267339,-0.5679542873478509,4017,2000-01-02,2010-12-31
09378630,-1.0006677396858383,-0.5732919903253937,4017,2000-01-02,2010-12-31
02056900,-0.9886542225579891,-0.5736349440545654,4017,2000-01-02,2010-12-31
08377900,-1.0201652378416783,-0.5756825945653707,4017,2000-01-02,2010-12-31
11383500,-0.9743228225649812,-0.5776049743723173,4017,2000-01-02,2010-12-31
03488000,-0.997788072897209,-0.5810167889433,4017,2000-01-02,2010-12-31
03504000,-0.9745953357332033,-0.5858981725303312,4017,2000-01-02,2010-12-31
02111180,-0.962973798514291,-0.5902449030197612,4017,2000-01-02,2010-12-31
07083000,-4.258788494278958,-0.5938172336418723,4017,2000-01-02,2010-12-31
11473900,-0.9570977264120093,-0.5939503931969226,4017,2000-01-02,2010-12-31
03439000,-0.9476269237988841,-0.5999424157673563,4017,2000-01-02,2010-12-31
14308990,-0.9344009041648609,-0.6021631431180547,4017,2000-01-02,2010-12-31
02112120,-0.9456078667322241,-0.6034891026462486,4017,2000-01-02,2010-12-31
09378170,-0.9499929371726272,-0.6058126046673453,4017,2000-01-02,2010-12-31
09066000,-4.238702622156909,-0.6083042594560573,4017,2000-01-02,2010-12-31
08267500,-1.00291018655916,-0.6108659439567268,4017,2000-01-02,2010-12-31
02069700,-0.9347627791820263,-0.6152932128201212,4017,2000-01-02,2010-12-31
08378500,-0.9740553037644435,-0.621341084885924,4017,2000-01-02,2010-12-31
02137727,-0.920037485951773,-0.6233835335586275,4017,2000-01-02,2010-12-31
11381500,-0.9128301943034112,-0.626661963130893,4017,2000-01-02,2010-12-31
14020000,-0.9374584850991241,-0.6270971373191365,4017,2000-01-02,2010-12-31
01411300,-0.9142638611375697,-0.6290823360948956,4017,2000-01-02,2010-12-31
02070000,-0.9175014380044908,-0.6293716966700165,4017,2000-01-02,2010-12-31
01195100,-0.9395943986017314,-0.6322768536360963,4017,2000-01-02,2010-12-31
14309500,-0.9019208525604143,-0.633497131343506,4017,2000-01-02,2010-12-31
12035000,-0.885967293506263,-0.6364084167648787,4017,2000-01-02,2010-12-31
09066300,-4.275125575461056,-0.6370965164318219,4017,2000-01-02,2010-12-31
07362587,-0.892869242732899,-0.6374881381169839,4017,2000-01-02,2010-12-31
02112360,-0.9071325100865155,-0.6381682772684543,4017,2000-01-02,2010-12-31
06614800,-0.9999994216174719,-0.6393953274455582,4017,2000-01-02,2010-12-31
02149000,-0.9002032144410301,-0.641679967285957,4017,2000-01-02,2010-12-31
01658500,-0.9083852716456526,-0.6442445378259893,4017,2000-01-02,2010-12-31
10172800,-0.9489422038592241,-0.64659187791639,4017,2000-01-02,2010-12-31
07359610,-0.8811970603481436,-0.64944812072557,4017,2000-01-02,2010-12-31
07340300,-0.8818112752285621,-0.6495090185801693,4017,2000-01-02,2010-12-31
09065500,-4.5007296071551535,-0.6529152329753332,4017,2000-01-02,2010-12-31
02143000,-0.889641046287422,-0.6538766166763215,4017,2000-01-02,2010-12-31
03500240,-0.8886820154294268,-0.6548986248542157,4017,2000-01-02,2010-12-31
07263295,-0.8789655614782927,-0.6554340716689695,4017,2000-01-02,2010-12-31
07335700,-0.8776447206835936,-0.6568329040273522,4017,2000-01-02,2010-12-31
12025700,-0.8776437404615232,-0.6574059592075123,4017,2000-01-02,2010-12-31
08269000,-0.9300069834986844,-0.658097021971193,4017,2000-01-02,2010-12-31
02038850,-0.8888371958096251,-0.66090010989839,4017,2000-01-02,2010-12-31
14303200,-0.8719166072993239,-0.6613958383148357,4017,2000-01-02,2010-12-31
02143040,-0.881916027966545,-0.6634954182805641,4017,2000-01-02,2010-12-31
07208500,-0.891789370767275,-0.668381317362766,4017,2000-01-02,2010-12-31
07014500,-0.8795859234380599,-0.6692759064029781,4017,2000-01-02,2010-12-31
03213700,-0.8868721640671586,-0.671390874176055,4017,2000-01-02,2010-12-31
07056000,-0.8749439781203396,-0.6731227986660178,4017,2000-01-02,2010-12-31
07060710,-0.8729742354441918,-0.6736280554175382,4017,2000-01-02,2010-12-31
03159540,-0.8827862670898972,-0.6736406531826513,4017,2000-01-02,2010-12-31
06191500,-4.77837554442225,-0.6739009840460566,4017,2000-01-02,2010-12-31
12020000,-0.860456517739449,-0.6786737960210556,4017,2000-01-02,2010-12-31
10242000,-0.8771937132177587,-0.6792146003388166,4017,2000-01-02,2010-12-31
06224000,-0.8406569569389286,-0.681480925324299,4017,2000-01-02,2010-12-31
10205030,-0.914913452993732,-0.6820007491818918,4017,2000-01-02,2010-12-31
02152100,-0.8652339545675685,-0.6865408378631681,4017,2000-01-02,2010-12-31
14301000,-0.855176545717524,-0.6870546937330324,4017,2000-01-02,2010-12-31
01632900,-0.8729534838442374,-0.6876715592612586,4017,2000-01-02,2010-12-31
03237280,-0.8756246371294996,-0.6878761352195131,4017,2000-01-02,2010-12-31
12043000,-0.8563151476715603,-0.6882291183953819,4017,2000-01-02,2010-12-31
11532500,-0.8599591515529701,-0.6890263064283235,4017,2000-01-02,2010-12-31
06043500,-4.418651208653871,-0.689656749295888,4017,2000-01-02,2010-12-31
02178400,-0.8636245618389227,-0.6920793654656456,4017,2000-01-02,2010-12-31
11478500,-0.8588385800357698,-0.6934729945372298,4017,2000-01-02,2010-12-31
03500000,-0.861566866742671,-0.6957845529351123,4017,2000-01-02,2010-12-31
02118500,-0.8602502467363649,-0.696572017919753,4017,2000-01-02,2010-12-31
06431500,-0.8575377429314412,-0.6982253394242439,4017,2000-01-02,2010-12-31
03165000,-0.8593975371973659,-0.698964851129251,4017,2000-01-02,2010-12-31
02096846,-0.8580576277017107,-0.6993499613557661,4017,2000-01-02,2010-12-31
03170000,-0.8574512229921039,-0.70173921508184,4017,2000-01-02,2010-12-31
01491000,-0.8553677130535653,-0.7018227178328658,4017,2000-01-02,2010-12-31
02055100,-0.8595252554198389,-0.702547429827381,4017,2000-01-02,2010-12-31
01644000,-0.8585517476676456,-0.7043859551836515,4017,2000-01-02,2010-12-31
06921070,-0.8521446289087193,-0.704433161395579,4017,2000-01-02,2010-12-31
12025000,-0.8491561018914793,-0.704773525877336,4017,2000-01-02,2010-12-31
03384450,-0.8588948630458804,-0.7061901166003233,4017,2000-01-02,2010-12-31
06918460,-0.8515717261863074,-0.7064686160168714,4017,2000-01-02,2010-12-31
14306340,-0.850496569988304,-0.707270235422834,4017,2000-01-02,2010-12-31
01638480,-0.8573442801489479,-0.7076210102162257,4017,2000-01-02,2010-12-31
02059500,-0.8564706695384305,-0.7077301150289619,4017,2000-01-02,2010-12-31
06934000,-0.8513354204230785,-0.7082016818022498,4017,2000-01-02,2010-12-31
12013500,-0.8476581770742284,-0.708536207405059,4017,2000-01-02,2010-12-31
12374250,-5.050812926418014,-0.7085950361668756,4017,2000-01-02,2010-12-31
10263500,-0.8486368974900231,-0.7107897970459374,4017,2000-01-02,2010-12-31
02064000,-0.853391576873737,-0.7115267511984606,4017,2000-01-02,2010-12-31
02074500,-0.852459858201922,-0.7127448869355815,4017,2000-01-02,2010-12-31
07067000,-0.8579492660664239,-0.7129413641314319,4017,2000-01-02,2010-12-31
02065500,-0.8526650512706468,-0.7137345837033464,4017,2000-01-02,2010-12-31
03300400,-0.8500452379119237,-0.7139177712988194,4017,2000-01-02,2010-12-31
07066000,-0.8574790739549616,-0.7141742348746776,4017,2000-01-02,2010-12-31
14139800,-5.778402369999974,-0.7150186414107582,4017,2000-01-02,2010-12-31
07195800,-0.8491099873941306,-0.7159026188884825,4017,2000-01-02,2010-12-31
13083000,-0.8739318288798492,-0.7166297683429919,4017,2000-01-02,2010-12-31
07071500,-0.853688166702613,-0.7182947940314124,4017,2000-01-02,2010-12-31
12010000,-0.8455301608167534,-0.7192631973247914,4017,2000-01-02,2010-12-31
02177000,-0.8506511727156774,-0.7202454202646915,4017,2000-01-02,2010-12-31
07197000,-0.8478580424273667,-0.7203387851593726,4017,2000-01-02,2010-12-31
07196900,-0.8480430052609813,-0.7207049871244426,4017,2000-01-02,2010-12-31
07068000,-0.8546078169745568,-0.7208262929814446,4017,2000-01-02,2010-12-31
14400000,-0.8470211184284406,-0.7237519477451946,4017,2000-01-02,2010-12-31
06921200,-0.8454118704641984,-0.7237886505410132,4017,2000-01-02,2010-12-31
10258000,-0.8446507747469907,-0.725375129664152,4017,2000-01-02,2010-12-31
03285000,-0.8454591170359929,-0.725850677754359,4017,2000-01-02,2010-12-31
10259000,-0.844725433239963,-0.726134815052037,4017,2000-01-02,2010-12-31
02077200,-0.8483858663659973,-0.7264002972196089,4017,2000-01-02,2010-12-31
01485500,-0.8490547387731759,-0.7274367278175835,4017,2000-01-02,2010-12-31
06221400,-0.8047511161592571,-0.7281409939281096,4017,2000-01-02,2010-12-31
02082950,-0.8465747448087764,-0.7283987192151373,4017,2000-01-02,2010-12-31
07261000,-0.8471104386359407,-0.7284245654767743,4017,2000-01-02,2010-12-31
06919500,-0.8461416301966711,-0.7286153184976347,4017,2000-01-02,2010-12-31
12073500,-0.8443991957881742,-0.7286944518955678,4017,2000-01-02,2010-12-31
01030500,-5.46875492957197,-0.7289444777828529,4017,2000-01-02,2010-12-31
03574500,-0.845194629632841,-0.7289850205456949,4017,2000-01-02,2010-12-31
09497980,-0.8467179741396811,-0.7290969846029776,4017,2000-01-02,2010-12-31
01583500,-0.8483242016130763,-0.7301717720350582,4017,2000-01-02,2010-12-31
06917000,-0.8459675500146591,-0.7305161656673078,4017,2000-01-02,2010-12-31
11451100,-0.8449951472108004,-0.7305205859952777,4017,2000-01-02,2010-12-31
07346045,-0.8448647559343916,-0.7305638313723963,4017,2000-01-02,2010-12-31
06289000,-0.8630140441781253,-0.7306076541427653,4017,2000-01-02,2010-12-31
07362100,-0.8446874227612473,-0.7312993636879268,4017,2000-01-02,2010-12-31
14305500,-0.844473321384597,-0.7316112146686344,4017,2000-01-02,2010-12-31
08380500,-0.8552800381240664,-0.7318691909661525,4017,2000-01-02,2010-12-31
02046000,-0.846542455369033,-0.732868761701631,4017,2000-01-02,2010-12-31
01669520,-0.846241760227556,-0.7331898975163909,4017,2000-01-02,2010-12-31
10258500,-0.8441314135982854,-0.733316253359785,4017,2000-01-02,2010-12-31
14325000,-0.8452539998693689,-0.7333571137323107,4017,2000-01-02,2010-12-31
09430600,-0.8489086139607278,-0.7334039601645366,4017,2000-01-02,2010-12-31
03498500,-0.8478266954411631,-0.733674585367595,4017,2000-01-02,2010-12-31
02381600,-0.8447228646568723,-0.7337268745832692,4017,2000-01-02,2010-12-31
06408700,-0.8440541778231323,-0.7339271564797127,4017,2000-01-02,2010-12-31
07184000,-0.8452111595338745,-0.7343853024276512,4017,2000-01-02,2010-12-31
09497800,-0.8458498273142994,-0.7344168454390776,4017,2000-01-02,2010-12-31
01580000,-0.8474898765116656,-0.7349017468475851,4017,2000-01-02,2010-12-31
01669000,-0.8460066347555739,-0.7353473055975404,4017,2000-01-02,2010-12-31
02081500,-0.8459729935444056,-0.7353759014219801,4017,2000-01-02,2010-12-31
02216180,-0.8440858966794504,-0.7362074047109555,4017,2000-01-02,2010-12-31
02198100,-0.8441099540349466,-0.736745394881559,4017,2000-01-02,2010-12-31
01484100,-0.8448154168426254,-0.7368686839000524,4017,2000-01-02,2010-12-31
05514500,-0.8441284602888868,-0.7372800235052202,4017,2000-01-02,2010-12-31
10259200,-0.8441223395775135,-0.7372923967543774,4017,2000-01-02,2010-12-31
02349900,-0.8441213189464662,-0.7374446015193881,4017,2000-01-02,2010-12-31
08189500,-0.8441279378548723,-0.7375023370326768,4017,2000-01-02,2010-12-31
07375000,-0.8441288437687571,-0.7375473572354987,4017,2000-01-02,2010-12-31
07376000,-0.8441301277755631,-0.7375761357729533,4017,2000-01-02,2010-12-31
11481200,-0.8441219356009404,-0.7376920123114441,4017,2000-01-02,2010-12-31
02469800,-0.8441301368064087,-0.7377769467023263,4017,2000-01-02,2010-12-31
07295000,-0.8441302529854455,-0.7381522695724914,4017,2000-01-02,2010-12-31
08164000,-0.8441299960037223,-0.7381559983895403,4017,2000-01-02,2010-12-31
08070200,-0.8441300409406358,-0.738204761971083,4017,2000-01-02,2010-12-31
02481510,-0.8441300934021057,-0.7382067865787634,4017,2000-01-02,2010-12-31
03366500,-0.8446390205321388,-0.73829692710135,4017,2000-01-02,2010-12-31
02231342,-0.8441302982287266,-0.7383066664543001,4017,2000-01-02,2010-12-31
02298123,-0.8441302982295675,-0.7383066665207765,4017,2000-01-02,2010-12-31
08070000,-0.8441263030868602,-0.7383541546987475,4017,2000-01-02,2010-12-31
08066200,-0.8441300365826909,-0.7384354136852096,4017,2000-01-02,2010-12-31
02481000,-0.8441301000253485,-0.7384749570406908,4017,2000-01-02,2010-12-31
09512280,-0.8441291797197812,-0.738484057402581,4017,2000-01-02,2010-12-31
02324400,-0.8441302982301655,-0.7385751806956815,4017,2000-01-02,2010-12-31
11151300,-0.8441302841141762,-0.7386102217942208,4017,2000-01-02,2010-12-31
02314500,-0.8441302968536719,-0.7386362238592126,4017,2000-01-02,2010-12-31
02315500,-0.8441302981978618,-0.7386363268248939,4017,2000-01-02,2010-12-31
11224500,-0.8441302979824887,-0.7386794176331293,4017,2000-01-02,2010-12-31
11274630,-0.8441302978689145,-0.7387980939339955,4017,2000-01-02,2010-12-31
11299600,-0.8441302980413841,-0.7387981115957625,4017,2000-01-02,2010-12-31
11274500,-0.8441302981872345,-0.7387981265314745,4017,2000-01-02,2010-12-31
08194200,-0.8441299838727265,-0.7388483316820165,4017,2000-01-02,2010-12-31
09513780,-0.8441296744036686,-0.7388848647255712,4017,2000-01-02,2010-12-31
02472000,-0.8441141312149059,-0.7389119507644484,4017,2000-01-02,2010-12-31
02245500,-0.8441302982301573,-0.7389776205201903,4017,2000-01-02,2010-12-31
02202600,-0.8440560467661922,-0.7390040224982419,4017,2000-01-02,2010-12-31
08050800,-0.8441220286549924,-0.7390456046752181,4017,2000-01-02,2010-12-31
08013000,-0.8441294255261516,-0.7390670748446375,4017,2000-01-02,2010-12-31
09505800,-0.8473747133833947,-0.7392888494504439,4017,2000-01-02,2010-12-31
08196000,-0.8440752336293809,-0.7393901000549346,4017,2000-01-02,2010-12-31
08176900,-0.8441302720897388,-0.7395163822900239,4017,2000-01-02,2010-12-31
08164600,-0.8441302484945392,-0.7396085078750689,4017,2000-01-02,2010-12-31
02215100,-0.8441131134570901,-0.739725918940227,4017,2000-01-02,2010-12-31
08200000,-0.844076372023022,-0.7397544891441901,4017,2000-01-02,2010-12-31
07292500,-0.8441302705496996,-0.7397940180969604,4017,2000-01-02,2010-12-31
11253310,-0.8441302982090113,-0.7398093018944276,4017,2000-01-02,2010-12-31
11176400,-0.8441302845390242,-0.7398223731492688,4017,2000-01-02,2010-12-31
02479300,-0.8441301036024835,-0.7399361391724129,4017,2000-01-02,2010-12-31
08198500,-0.8440751977743288,-0.7399828142732872,4017,2000-01-02,2010-12-31
08202700,-0.8440774472479691,-0.740010172685567,4017,2000-01-02,2010-12-31
08164300,-0.8441166853446631,-0.7400420258941809,4017,2000-01-02,2010-12-31
03291780,-0.8446089118328748,-0.7400677807915983,4017,2000-01-02,2010-12-31
02369800,-0.8441302980970227,-0.7400951533713831,4017,2000-01-02,2010-12-31
02465493,-0.8441162586624833,-0.7401303136584525,4017,2000-01-02,2010-12-31
07291000,-0.8441298205744612,-0.7401537464174501,4017,2000-01-02,2010-12-31
08029500,-0.8441302056298798,-0.740200121206714,4017,2000-01-02,2010-12-31
02361000,-0.8441291464143279,-0.7402236310076558,4017,2000-01-02,2010-12-31
09484600,-0.8441213525181821,-0.7402691415750449,4017,2000-01-02,2010-12-31
02479560,-0.8441298946853888,-0.7402918980399649,4017,2000-01-02,2010-12-31
02479155,-0.8441302833290854,-0.7403005584497497,4017,2000-01-02,2010-12-31
07148400,-0.8443144485776504,-0.7403685717294279,4017,2000-01-02,2010-12-31
02350900,-0.844129734644012,-0.7404695798040928,4017,2000-01-02,2010-12-31
11098000,-0.8441302895933724,-0.7405639078149162,4017,2000-01-02,2010-12-31
08066300,-0.8441302785050355,-0.7406217559467247,4017,2000-01-02,2010-12-31
08014500,-0.8441302791295888,-0.7406731887380247,4017,2000-01-02,2010-12-31
08324000,-0.8501701083590194,-0.7409047321169329,4017,2000-01-02,2010-12-31
08190000,-0.8440585046742839,-0.7409358861815081,4017,2000-01-02,2010-12-31
08190500,-0.8440603071190929,-0.7410689329078726,4017,2000-01-02,2010-12-31
07301410,-0.8443938743341928,-0.741084612591205,4017,2000-01-02,2010-12-31
02372250,-0.844129073497893,-0.7411619111983838,4017,2000-01-02,2010-12-31
10249300,-0.8561415286007816,-0.7411880285496806,4017,2000-01-02,2010-12-31
02128000,-0.8446457256309645,-0.7412713891083687,4017,2000-01-02,2010-12-31
08195000,-0.8440588835772913,-0.7413007696571314,4017,2000-01-02,2010-12-31
02374500,-0.844130114496612,-0.741451047448205,4017,2000-01-02,2010-12-31
01187300,-5.790003121531214,-0.7414667948571656,4017,2000-01-02,2010-12-31
07315200,-0.844004586292838,-0.7414695716747135,4017,2000-01-02,2010-12-31
11124500,-0.8441302937756296,-0.7414758446706022,4017,2000-01-02,2010-12-31
09505350,-0.8463031709074467,-0.7415012992736745,4017,2000-01-02,2010-12-31
07149000,-0.8441716858424491,-0.7415258065127794,4017,2000-01-02,2010-12-31
02472500,-0.8441300014555317,-0.7415526813939906,4017,2000-01-02,2010-12-31
08178880,-0.8440620034610151,-0.7416356807844249,4017,2000-01-02,2010-12-31
09510200,-0.8441288275054222,-0.7416696934181803,4017,2000-01-02,2010-12-31
02092500,-0.843992246231519,-0.7417952533447707,4017,2000-01-02,2010-12-31
06906800,-0.843752115661089,-0.7419317741412417,4017,2000-01-02,2010-12-31
08171300,-0.8440560172151965,-0.7419477778992609,4017,2000-01-02,2010-12-31
02108000,-0.8439742906549879,-0.741998370172473,4017,2000-01-02,2010-12-31
09505200,-0.8458773156917023,-0.742003113285354,4017,2000-01-02,2010-12-31
02371500,-0.8441286752957446,-0.7420181655166418,4017,2000-01-02,2010-12-31
08023080,-0.8440662417560114,-0.7422338861410234,4017,2000-01-02,2010-12-31
14306500,-0.8440209912620582,-0.7422653286678123,4017,2000-01-02,2010-12-31
07301500,-0.8442538606255665,-0.7424245768933782,4017,2000-01-02,2010-12-31
07299670,-0.8439837091309126,-0.7424579661125972,4017,2000-01-02,2010-12-31
08175000,-0.8441172131670691,-0.7424669651751283,4017,2000-01-02,2010-12-31
07373000,-0.8441302283308987,-0.742521420516937,4017,2000-01-02,2010-12-31
07290650,-0.8441297499107592,-0.7426093126001574,4017,2000-01-02,2010-12-31
03237500,-0.8452864722879603,-0.7428825289728682,4017,2000-01-02,2010-12-31
02221525,-0.8439425038260038,-0.7429898560162866,4017,2000-01-02,2010-12-31
11284400,-0.8441171306677115,-0.7431390833418641,4017,2000-01-02,2010-12-31
08109700,-0.8440769919360136,-0.7432250948325398,4017,2000-01-02,2010-12-31
02363000,-0.8441288166176903,-0.7432394960361355,4017,2000-01-02,2010-12-31
08082700,-0.8438841714977661,-0.7432831994432842,4017,2000-01-02,2010-12-31
02408540,-0.844108580825397,-0.7433164767057332,4017,2000-01-02,2010-12-31
08158700,-0.8440492695841817,-0.7433172548793023,4017,2000-01-02,2010-12-31
07315700,-0.843983193595315,-0.7433966086545463,4017,2000-01-02,2010-12-31
08158810,-0.8440483039304445,-0.7435829917880898,4017,2000-01-02,2010-12-31
08165300,-0.844040599527857,-0.7436121310724189,4017,2000-01-02,2010-12-31
08155200,-0.8440466680627992,-0.7436215820470133,4017,2000-01-02,2010-12-31
02415000,-0.8440611525456299,-0.7436334418028274,4017,2000-01-02,2010-12-31
03238500,-0.8443433081061742,-0.7436558330188541,4017,2000-01-02,2010-12-31
08025500,-0.8441265206420119,-0.7436601322601057,4017,2000-01-02,2010-12-31
03604000,-0.8442936821266278,-0.7436819549588434,4017,2000-01-02,2010-12-31
06291500,-0.8427775706150153,-0.7436973617541176,4017,2000-01-02,2010-12-31
11476600,-0.8441302975290299,-0.7437322260051986,4017,2000-01-02,2010-12-31
08086290,-0.8439305661289203,-0.7438942221352565,4017,2000-01-02,2010-12-31
11482500,-0.8439279682456817,-0.7440191502091178,4017,2000-01-02,2010-12-31
09480000,-0.8441176430791979,-0.7440744677173705,4017,2000-01-02,2010-12-31
02193340,-0.8438927013034694,-0.7442321582672649,4017,2000-01-02,2010-12-31
02212600,-0.8439938026005449,-0.7442880410046762,4017,2000-01-02,2010-12-31
08086212,-0.8439245344148893,-0.7443438104058318,4017,2000-01-02,2010-12-31
05595730,-0.844276057343768,-0.7443974889150284,4017,2000-01-02,2010-12-31
09447800,-0.8440444268234497,-0.7444531540988197,4017,2000-01-02,2010-12-31
02342933,-0.8441291352322238,-0.744635452279556,4017,2000-01-02,2010-12-31
03368000,-0.8439818015294838,-0.7446981487156721,4017,2000-01-02,2010-12-31
11475560,-0.8441082287282855,-0.7447665368006782,4017,2000-01-02,2010-12-31
09508300,-0.8440387842335622,-0.7448198822086929,4017,2000-01-02,2010-12-31
07151500,-0.8437837992957391,-0.7448578350789969,4017,2000-01-02,2010-12-31
08150800,-0.8440393709073482,-0.7451137829993828,4017,2000-01-02,2010-12-31
06878000,-0.8436400456170825,-0.7452097360042003,4017,2000-01-02,2010-12-31
02125000,-0.8442536651597119,-0.7452325329384895,4017,2000-01-02,2010-12-31
02427250,-0.8441300782666241,-0.745400014399296,4017,2000-01-02,2010-12-31
02102908,-0.8440367022785225,-0.7455428808866347,4017,2000-01-02,2010-12-31
02384540,-0.8445264223023625,-0.7455643295253838,4017,2000-01-02,2010-12-31
02422500,-0.8440967813806322,-0.745615824872268,4017,2000-01-02,2010-12-31
02395120,-0.8438903185701749,-0.7456246604445513,4017,2000-01-02,2010-12-31
08103900,-0.8440405178679098,-0.7457659028486094,4017,2000-01-02,2010-12-31
08079600,-0.8438877275072905,-0.7457723168300383,4017,2000-01-02,2010-12-31
02196000,-0.8438909791276401,-0.7458868767104638,4017,2000-01-02,2010-12-31
03592718,-0.8438991199394292,-0.7459298192551072,4017,2000-01-02,2010-12-31
14166500,-0.8440236144903537,-0.7461168465242833,4017,2000-01-02,2010-12-31
08104900,-0.8440434173702607,-0.7464577296546149,4017,2000-01-02,2010-12-31
06847900,-0.8436125055268922,-0.7468418928012137,4017,2000-01-02,2010-12-31
02464146,-0.8440837090443556,-0.7468758803339699,4017,2000-01-02,2010-12-31
05508805,-0.8432129340577748,-0.7469714288817095,4017,2000-01-02,2010-12-31
07057500,-0.8440523401399962,-0.7470792055714468,4017,2000-01-02,2010-12-31
06888500,-0.8439689946101332,-0.7472986470227709,4017,2000-01-02,2010-12-31
06911900,-0.8439981822620544,-0.7473149594759056,4017,2000-01-02,2010-12-31
07180500,-0.8436649445919624,-0.7475380718418949,4017,2000-01-02,2010-12-31
06910800,-0.8439338859976384,-0.7475799563595473,4017,2000-01-02,2010-12-31
09210500,-0.8433751609553866,-0.7476019502828344,4017,2000-01-02,2010-12-31
07145700,-0.8436135458662544,-0.7476324530997107,4017,2000-01-02,2010-12-31
06876700,-0.8434009930105639,-0.747707661031159,4017,2000-01-02,2010-12-31
06879650,-0.8438385216969211,-0.7477240441815465,4017,2000-01-02,2010-12-31
01639500,-0.8438434750877042,-0.7479293918239058,4017,2000-01-02,2010-12-31
02464360,-0.8440770923316891,-0.7479917500199693,4017,2000-01-02,2010-12-31
07226500,-0.8439822086971096,-0.7483867224990715,4017,2000-01-02,2010-12-31
05507600,-0.8431247402554722,-0.7485225374514672,4017,2000-01-02,2010-12-31
06453600,-0.8437784681474305,-0.7488018348524377,4017,2000-01-02,2010-12-31
10172700,-0.8503166163808318,-0.7488849207952668,4017,2000-01-02,2010-12-31
05593575,-0.8438832651038577,-0.7489277782881527,4017,2000-01-02,2010-12-31
02450250,-0.8439464411536712,-0.7490779478286809,4017,2000-01-02,2010-12-31
05503800,-0.8434538119422328,-0.7494469812770548,4017,2000-01-02,2010-12-31
02430085,-0.8438803224803633,-0.7495512843399212,4017,2000-01-02,2010-12-31
02430615,-0.8438480478106951,-0.7495983417416141,4017,2000-01-02,2010-12-31
07142300,-0.8435047043565056,-0.7496124560194615,4017,2000-01-02,2010-12-31
07167500,-0.8435859006577804,-0.7496935383427321,4017,2000-01-02,2010-12-31
09494000,-0.8472777376679377,-0.7497388526543385,4017,2000-01-02,2010-12-31
02464000,-0.8440781353714708,-0.7501558409285218,4017,2000-01-02,2010-12-31
08101000,-0.8440074545901282,-0.7504090674678401,4017,2000-01-02,2010-12-31
09430500,-0.8439272671663638,-0.751689881396266,4017,2000-01-02,2010-12-31
06892000,-0.8435035869156449,-0.7519737226910792,4017,2000-01-02,2010-12-31
06784000,-0.8432057587550246,-0.7531917592124835,4017,2000-01-02,2010-12-31
09484000,-0.8439241006702531,-0.7540129972800718,4017,2000-01-02,2010-12-31
05501000,-0.8429236140421201,-0.7543967016656536,4017,2000-01-02,2010-12-31
06477500,-0.8431209895758256,-0.7547791803948265,4017,2000-01-02,2010-12-31
06889200,-0.8433389629883676,-0.7550791405505557,4017,2000-01-02,2010-12-31
06889500,-0.8433224001232826,-0.7551598339310648,4017,2000-01-02,2010-12-31
01487000,-0.8436013471212875,-0.7557191974236042,4017,2000-01-02,2010-12-31
03357350,-0.8431504478519483,-0.75719889470349,4017,2000-01-02,2010-12-31
05592575,-0.8432652146509705,-0.7579724079737664,4017,2000-01-02,2010-12-31
01486000,-0.8436066045084596,-0.7585134773677049,4017,2000-01-02,2010-12-31
03241500,-0.8430345306941813,-0.758692492540123,4017,2000-01-02,2010-12-31
03364500,-0.8428717488523261,-0.7590306639106006,4017,2000-01-02,2010-12-31
04221000,-0.8459225327308191,-0.7591580666068782,4017,2000-01-02,2010-12-31
06632400,-0.8256130863220188,-0.7595775591652003,4017,2000-01-02,2010-12-31
03281100,-0.8436186216409824,-0.759884236412721,4017,2000-01-02,2010-12-31
03346000,-0.843098981501718,-0.7603559646163323,4017,2000-01-02,2010-12-31
03144000,-0.8438132757710581,-0.7610209407824948,4017,2000-01-02,2010-12-31
03021350,-0.8442145502738023,-0.7619335834166769,4017,2000-01-02,2010-12-31
05495500,-0.8423011468471762,-0.7620456633055677,4017,2000-01-02,2010-12-31
06404000,-0.8387607162043849,-0.7620479525814008,4017,2000-01-02,2010-12-31
03280700,-0.8438425171098727,-0.7621943218720502,4017,2000-01-02,2010-12-31
03281500,-0.8433802599031113,-0.7622288735973091,4017,2000-01-02,2010-12-31
01518862,-0.844341057436441,-0.7643322545988231,4017,2000-01-02,2010-12-31
06464500,-0.8428145638917655,-0.764782923683873,4017,2000-01-02,2010-12-31
06885500,-0.8425389368512528,-0.7654486473511937,4017,2000-01-02,2010-12-31
05585000,-0.8420737313849085,-0.7655033498987887,4017,2000-01-02,2010-12-31
03049800,-0.8432200703002979,-0.7664677714495176,4017,2000-01-02,2010-12-31
06154410,-0.8414869227264035,-0.7666992702189754,4017,2000-01-02,2010-12-31
06409000,-0.8337628570065807,-0.7673970953624818,4017,2000-01-02,2010-12-31
03340800,-0.8425210471854185,-0.7674242890274787,4017,2000-01-02,2010-12-31
06406000,-0.8402009539386861,-0.7675081911372292,4017,2000-01-02,2010-12-31
05584500,-0.8419804537972042,-0.7689052193664585,4017,2000-01-02,2010-12-31
04196800,-0.842266358516288,-0.7690823665789777,4017,2000-01-02,2010-12-31
10329500,-0.8461341997394898,-0.7696295105103725,4017,2000-01-02,2010-12-31
06353000,-0.841922603038058,-0.7698600494405619,4017,2000-01-02,2010-12-31
04197100,-0.8419490568158607,-0.7704701129511478,4017,2000-01-02,2010-12-31
04213000,-0.8424370292659826,-0.7704915269402328,4017,2000-01-02,2010-12-31
06814000,-0.8422798391249036,-0.7707375965581222,4017,2000-01-02,2010-12-31
06853800,-0.8423698199675302,-0.7708357350009201,4017,2000-01-02,2010-12-31
05593900,-0.8425041597488598,-0.7709387103933627,4017,2000-01-02,2010-12-31
04197170,-0.842014990254923,-0.7716824015203041,4017,2000-01-02,2010-12-31
03140000,-0.8424123483858539,-0.7722250469317025,4017,2000-01-02,2010-12-31
05591550,-0.84261574974605,-0.77232979079501,4017,2000-01-02,2010-12-31
06354000,-0.8415330246710542,-0.7742864212760519,4017,2000-01-02,2010-12-31
05495000,-0.8418761166378024,-0.7752884566426261,4017,2000-01-02,2010-12-31
06622700,-0.8243646628846883,-0.77563332088187,4017,2000-01-02,2010-12-31
05592050,-0.8425818198634261,-0.7760496958035101,4017,2000-01-02,2010-12-31
06450500,-0.8422529914198342,-0.7772525583100547,4017,2000-01-02,2010-12-31
06447500,-0.8421250681124057,-0.7772580522939603,4017,2000-01-02,2010-12-31
05466500,-0.8414031570042191,-0.7778799874354339,4017,2000-01-02,2010-12-31
04213075,-0.8418085383283078,-0.778023844319454,4017,2000-01-02,2010-12-31
06903400,-0.8418581961817251,-0.7784657055456512,4017,2000-01-02,2010-12-31
05291000,-0.8405848560149314,-0.7797344434444988,4017,2000-01-02,2010-12-31
05489000,-0.8418143856548872,-0.7814123351177906,4017,2000-01-02,2010-12-31
06447000,-0.8421982803388293,-0.7816118520425426,4017,2000-01-02,2010-12-31
04161580,-0.8405844650245353,-0.7816340997451776,4017,2000-01-02,2010-12-31
05525500,-0.8420820902015749,-0.7822988383190785,4017,2000-01-02,2010-12-31
05556500,-0.8410360221643713,-0.7831169395053941,4017,2000-01-02,2010-12-31
06479215,-0.8400580172646235,-0.7833122051882777,4017,2000-01-02,2010-12-31
06452000,-0.8422016560702068,-0.7835168891582975,4017,2000-01-02,2010-12-31
05487980,-0.8416337891856358,-0.7837007777362244,4017,2000-01-02,2010-12-31
03049000,-0.8410071539382615,-0.7840858788247596,4017,2000-01-02,2010-12-31
05488200,-0.8416327723618737,-0.7847411519476124,4017,2000-01-02,2010-12-31
04185000,-0.8412350194758318,-0.7855514915005894,4017,2000-01-02,2010-12-31
06311000,-0.8254702518096158,-0.7860822788787132,4017,2000-01-02,2010-12-31
09386900,-0.8404758447128657,-0.7862658444855521,4017,2000-01-02,2010-12-31
06440200,-0.8421460193977572,-0.7863491695990976,4017,2000-01-02,2010-12-31
05444000,-0.8406778564669899,-0.7869180238196285,4017,2000-01-02,2010-12-31
06479438,-0.8398408694684718,-0.7873278179422716,4017,2000-01-02,2010-12-31
03338780,-0.8420014006189174,-0.788126350017136,4017,2000-01-02,2010-12-31
06803530,-0.8418493790817931,-0.7886014357832287,4017,2000-01-02,2010-12-31
06803510,-0.8419150226205347,-0.7891456452570444,4017,2000-01-02,2010-12-31
05408000,-0.8393325908429685,-0.7902492538934947,4017,2000-01-02,2010-12-31
05454000,-0.8410567335462775,-0.7912699143202553,4017,2000-01-02,2010-12-31
12117000,-6.3336285622974975,-0.7914660898372545,4017,2000-01-02,2010-12-31
05413500,-0.8398565445203656,-0.7919831458931319,4017,2000-01-02,2010-12-31
06360500,-0.8413498093018077,-0.7929271035049366,4017,2000-01-02,2010-12-31
13161500,-0.8388307415937999,-0.794607360166103,4017,2000-01-02,2010-12-31
05414000,-0.8397481427478231,-0.7947537244500738,4017,2000-01-02,2010-12-31
09306242,-0.8389001428691463,-0.7970449731185076,4017,2000-01-02,2010-12-31
06352000,-0.8400585111667511,-0.7977522973032962,4017,2000-01-02,2010-12-31
06441500,-0.8417898666259065,-0.7980428470546579,4017,2000-01-02,2010-12-31
06601000,-0.8412596169971276,-0.8011127789396932,4017,2000-01-02,2010-12-31
10166430,-0.8384530863895441,-0.8018565079121398,4017,2000-01-02,2010-12-31
04105700,-0.8392768866956948,-0.8033460100253069,4017,2000-01-02,2010-12-31
04115265,-0.8396246048515705,-0.803480706119913,4017,2000-01-02,2010-12-31
06339100,-0.8386356424266601,-0.8037406243697214,4017,2000-01-02,2010-12-31
10396000,-0.8379194317546659,-0.8038837973602819,4017,2000-01-02,2010-12-31
06350000,-0.8397654397524446,-0.804417475251265,4017,2000-01-02,2010-12-31
06344600,-0.8389386053061958,-0.8061425553270054,4017,2000-01-02,2010-12-31
06339500,-0.8392375444671383,-0.8099695744189825,4017,2000-01-02,2010-12-31
05399500,-0.8378273297689145,-0.8132257188071144,4017,2000-01-02,2010-12-31
04216418,-0.839793948488746,-0.8150614639484597,4017,2000-01-02,2010-12-31
06332515,-0.8383315053670652,-0.8155740116587433,4017,2000-01-02,2010-12-31
04127997,-0.836584743547399,-0.8189432687634319,4017,2000-01-02,2010-12-31
14182500,-6.552072810211043,-0.8195174417081414,4017,2000-01-02,2010-12-31
05131500,-0.8348030369638646,-0.821909958244367,4017,2000-01-02,2010-12-31
05129115,-0.8354950297455921,-0.8250443908023051,4017,2000-01-02,2010-12-31
06468170,-0.8378364559977878,-0.8264720256690867,4017,2000-01-02,2010-12-31
05120500,-0.837971467932461,-0.8296041142086499,4017,2000-01-02,2010-12-31
05056000,-0.8376073124458923,-0.8297570975693231,4017,2000-01-02,2010-12-31
05412500,-0.8396501402121215,-0.8302036347812094,4017,2000-01-02,2010-12-31
06468250,-0.8377977899947682,-0.8318633030858216,4017,2000-01-02,2010-12-31
05458000,-0.8397867919168418,-0.8321583440350151,4017,2000-01-02,2010-12-31
04124000,-0.8362637483190523,-0.8336911749817502,4017,2000-01-02,2010-12-31
05123400,-0.8363736175925489,-0.8367819337291305,4017,2000-01-02,2010-12-31
05062500,-0.836858853438561,-0.8376864175675052,4017,2000-01-02,2010-12-31
06470800,-0.83854936272139,-0.8380707311985391,4017,2000-01-02,2010-12-31
05057000,-0.837767712160705,-0.8456506459599831,4017,2000-01-02,2010-12-31
04127918,-0.8373442466538561,-0.8484585489636718,4017,2000-01-02,2010-12-31
04056500,-0.8366762659128146,-0.8559716220415035,4017,2000-01-02,2010-12-31
04043050,-0.8367817010697733,-0.8581099360519848,4017,2000-01-02,2010-12-31
05057200,-0.8383675051403345,-0.865810894636432,4017,2000-01-02,2010-12-31
05087500,-0.8365387305960672,-0.8693216435337203,4017,2000-01-02,2010-12-31
11522500,-6.817639458493383,-0.8698645859945406,4017,2000-01-02,2010-12-31
01423000,-6.6757287887909085,-0.876086466383234,4017,2000-01-02,2010-12-31
01031500,-6.5165675670067875,-0.8792119746695604,4017,2000-01-02,2010-12-31
06188000,-6.509423920262274,-0.9151387881634452,4017,2000-01-02,2010-12-31
10310500,-7.053369098163543,-0.9264482171201682,4017,2000-01-02,2010-12-31
01139000,-7.043867083180663,-0.9456074472994991,4017,2000-01-02,2010-12-31
01350140,-7.196240157329521,-0.9500577571441886,4017,2000-01-02,2010-12-31
13338500,-6.968989880418846,-0.9621820598396709,4017,2000-01-02,2010-12-31
01350080,-7.460515363725063,-0.9852193971403276,4017,2000-01-02,2010-12-31
01415000,-7.510387185258907,-0.9936094212635518,4017,2000-01-02,2010-12-31
01350000,-7.54287677454143,-0.9942646111903097,4017,2000-01-02,2010-12-31
12054000,-7.897298490750584,-1.023482204451419,4017,2000-01-02,2010-12-31
01365000,-7.969383137207366,-1.050853446776633,4017,2000-01-02,2010-12-31
01181000,-8.217450611402604,-1.0830854144561957,4017,2000-01-02,2010-12-31
01414500,-8.191847615426092,-1.0859087761922144,4017,2000-01-02,2010-12-31
01013500,-7.957763262959384,-1.106931287989139,4017,2000-01-02,2010-12-31
01413500,-8.642864037614544,-1.1513454646010297,4017,2000-01-02,2010-12-31
01139800,-8.8601234827665,-1.205433402976995,4017,2000-01-02,2010-12-31
01144000,-9.102776271443865,-1.2336686927521976,4017,2000-01-02,2010-12-31
10348850,-9.366823524261019,-1.255602514331617,4017,2000-01-02,2010-12-31
01333000,-9.602388772462541,-1.2817804105316295,4017,2000-01-02,2010-12-31
01435000,-9.665463597583525,-1.2881248442133515,4017,2000-01-02,2010-12-31
01170100,-9.709500269292343,-1.2907844506801203,4017,2000-01-02,2010-12-31
14185000,-9.91665760858706,-1.2913294911506266,4017,2000-01-02,2010-12-31
13023000,-9.284875491598674,-1.3078406418572581,4017,2000-01-02,2010-12-31
01142500,-9.735544087218253,-1.322003198664102,4017,2000-01-02,2010-12-31
01169000,-10.012319768227465,-1.3327462824362044,4017,2000-01-02,2010-12-31
12381400,-9.64286673742711,-1.3873890600649301,4017,2000-01-02,2010-12-31
13331500,-10.115736569231409,-1.4094656733936923,4017,2000-01-02,2010-12-31
04296000,-10.505207752225683,-1.439188989741838,4017,2000-01-02,2010-12-31
14138870,-11.118416532845615,-1.4535169232512666,4017,2000-01-02,2010-12-31
01134500,-10.827520133691028,-1.491216698983619,4017,2000-01-02,2010-12-31
01434025,-11.168208354989979,-1.4945714403710784,4017,2000-01-02,2010-12-31
01047000,-11.19185576384265,-1.5387785544486987,4017,2000-01-02,2010-12-31
12358500,-10.894640567885817,-1.5881819715733725,4017,2000-01-02,2010-12-31
14185900,-12.369399887312257,-1.6190954044994008,4017,2000-01-02,2010-12-31
14138900,-12.693770792161086,-1.6602787389618219,4017,2000-01-02,2010-12-31
01055000,-12.808969247601029,-1.7632631618842294,4017,2000-01-02,2010-12-31
04256000,-13.644154995238688,-1.8276192787305203,4017,2000-01-02,2010-12-31
01137500,-13.340695023898345,-1.8382813888258145,4017,2000-01-02,2010-12-31
09081600,-12.762196152457301,-1.876278670429412,4017,2000-01-02,2010-12-31
14092750,-14.356743351079329,-1.9130982007403667,4017,2000-01-02,2010-12-31
13340000,-14.663433570308149,-2.0259796076731886,4017,2000-01-02,2010-12-31
09352900,-14.89123192254668,-2.0433915152293927,4017,2000-01-02,2010-12-31
14138800,-15.811875722568477,-2.053338279022415,4017,2000-01-02,2010-12-31
14137000,-15.980752370978454,-2.0829096758410546,4017,2000-01-02,2010-12-31
12383500,-15.264447760137866,-2.1818300427444317,4017,2000-01-02,2010-12-31
01052500,-16.494561716772388,-2.237960971444528,4017,2000-01-02,2010-12-31
11523200,-17.336145725082915,-2.24732812386087,4017,2000-01-02,2010-12-31
01054200,-17.398528686225045,-2.319529166223633,4017,2000-01-02,2010-12-31
12375900,-17.168795395087436,-2.324028954092429,4017,2000-01-02,2010-12-31
10343500,-17.362755467591978,-2.336411779052578,4017,2000-01-02,2010-12-31
12390700,-17.825122619313884,-2.3964910340348675,4017,2000-01-02,2010-12-31
12167000,-19.64483504922219,-2.4813186329512753,4017,2000-01-02,2010-12-31
13011900,-19.016875180140065,-2.6174268024546556,4017,2000-01-02,2010-12-31
12377150,-20.502881801734905,-2.747675456444874,4017,2000-01-02,2010-12-31
13011500,-22.421672493362355,-2.96099606786744,4017,2000-01-02,2010-12-31
12411000,-23.98720720271505,-3.0304725933985415,4017,2000-01-02,2010-12-31
01078000,-28.428930027326867,-3.1155771901412033,151,2000-01-02,2000-05-31
12144000,-25.492418077951946,-3.12529408934061,4017,2000-01-02,2010-12-31
10336645,-26.971776446169255,-3.296461122865902,4017,2000-01-02,2010-12-31
13018300,-24.056668045077807,-3.3062001550837268,4017,2000-01-02,2010-12-31
12115500,-27.334398956881483,-3.3160442246370705,4017,2000-01-02,2010-12-31
12048000,-28.147404035779022,-3.4480248758114502,4017,2000-01-02,2010-12-31
13240000,-28.394453313888945,-3.596159310363225,4017,2000-01-02,2010-12-31
12147500,-31.18208179323492,-3.6673270375582367,4017,2000-01-02,2010-12-31
12056500,-31.272625948226384,-3.6784491872790612,4017,2000-01-02,2010-12-31
12414500,-31.11022654802408,-3.779429827423,4017,2000-01-02,2010-12-31
13337000,-32.54688067576437,-3.9816974972996375,4017,2000-01-02,2010-12-31
14158500,-37.33729257823108,-4.243816570375604,4017,2000-01-02,2010-12-31
13235000,-36.698593355230464,-4.255978168602367,4017,2000-01-02,2010-12-31
13313000,-36.84437064723896,-4.292321786934698,4017,2000-01-02,2010-12-31
13310700,-37.99235508220186,-4.3593620206134425,4017,2000-01-02,2010-12-31
13340600,-39.04873113873805,-4.500004286044292,4017,2000-01-02,2010-12-31
10336660,-40.28629426345045,-4.512127612296666,4017,2000-01-02,2010-12-31
11237500,-43.61755440578352,-4.73989581035638,4017,2000-01-02,2010-12-31
14216500,-50.8255015432853,-5.269234906684435,4017,2000-01-02,2010-12-31
12447390,-47.722002571299605,-5.288284955626875,4017,2000-01-02,2010-12-31
12082500,-51.11168952726244,-5.3014190775148196,4017,2000-01-02,2010-12-31
10336740,-48.60147386707513,-5.334105682615805,4017,2000-01-02,2010-12-31
12143600,-59.449477428453115,-5.934359839413551,4017,2000-01-02,2010-12-31
11230500,-60.5974302532583,-6.043868941028311,4017,2000-01-02,2010-12-31
12115000,-61.54782029223879,-6.118799633087819,4017,2000-01-02,2010-12-31
14158790,-62.73482412963814,-6.208919642369819,4017,2000-01-02,2010-12-31
12141300,-83.2663848526072,-7.471706415462325,4017,2000-01-02,2010-12-31
12114500,-83.22138129518297,-7.522861648913704,4017,2000-01-02,2010-12-31
12092000,-83.91326047391598,-7.528971891619657,4017,2000-01-02,2010-12-31
11266500,-92.11815671862968,-7.995567137957737,4017,2000-01-02,2010-12-31
11264500,-95.60874214881524,-8.079883513014403,4017,2000-01-02,2010-12-31
12488500,-99.67402960303217,-8.554079239345084,4017,2000-01-02,2010-12-31
12147600,-139.9642239032932,-10.408524084927599,4017,2000-01-02,2010-12-31
12186000,-198.9304753041081,-12.918684815145996,4017,2000-01-02,2010-12-31
12451000,-250.6337771402673,-14.68936076329128,4017,2000-01-02,2010-12-31
12189500,-262.8452125323751,-15.257900221755584,4017,2000-01-02,2010-12-31
12175500,-265.22734835074004,-15.516557141022496,4017,2000-01-02,2010-12-31
12178100,-294.77330618530027,-16.397330671591707,4017,2000-01-02,2010-12-31
01057000,-3673.1805801827677,-38.654906530609,120,2000-01-02,2000-04-30
02231000,-0.8441302982301957,,4017,2000-01-02,2010-12-31
02235200,-0.8441302982301957,,4017,2000-01-02,2010-12-31
02246000,-0.8441302982301957,,4017,2000-01-02,2010-12-31
02296500,-0.8441302982301957,,4017,2000-01-02,2010-12-31
02297155,-0.8441302982301957,,4017,2000-01-02,2010-12-31
02297310,-0.8441302982301957,,4017,2000-01-02,2010-12-31
02298608,-0.8441302982301957,,4017,2000-01-02,2010-12-31
02299950,-0.8441302982301957,,4017,2000-01-02,2010-12-31
02300700,-0.8441302982301957,,4017,2000-01-02,2010-12-31
02310947,-0.8441302982301957,,4017,2000-01-02,2010-12-31
02312200,-0.8441302982301957,,4017,2000-01-02,2010-12-31
02327100,-0.8441302982301957,,4017,2000-01-02,2010-12-31
11141280,-0.8441302982301957,,4017,2000-01-02,2010-12-31
11143000,-0.8441302982301957,,4017,2000-01-02,2010-12-31
11148900,-0.8441302982301957,,4017,2000-01-02,2010-12-31
11162500,-0.8441302982301957,,4017,2000-01-02,2010-12-31
11180500,-0.8441302982301957,,4017,2000-01-02,2010-12-31
11180960,-0.8441302982301957,,4017,2000-01-02,2010-12-31
11468500,-0.8441302982301957,,4017,2000-01-02,2010-12-31
